preference_key,movie_title,star_cast,rating,year,place,vote,link
1,Sueño de fuga,"Frank Darabont (dir.), Tim Robbins, Morgan Freeman",9.23478002570939,1994,1,,/title/tt0111161/
2,El padrino,"Francis Ford Coppola (dir.), Marlon Brando, Al Pacino",9.15626571275944,1972,2,,/title/tt0068646/
3,Batman: El caballero de la noche,"Christopher Nolan (dir.), Christian Bale, Heath Ledger",8.988220991829209,2008,3,,/title/tt0468569/
4,El padrino 2,"Francis Ford Coppola (dir.), Al Pacino, Robert De Niro",8.984131688127801,1974,4,,/title/tt0071562/
1,12 hombres en pugna,"Sidney Lumet (dir.), Henry Fonda, Lee J. Cobb",8.949946747206242,1957,5,,/title/tt0050083/
2,La lista de Schindler,"Steven Spielberg (dir.), Liam Neeson, Ralph Fiennes",8.937027760462598,1993,6,,/title/tt0108052/
3,El señor de los anillos: El retorno del rey,"Peter Jackson (dir.), Elijah Wood, Viggo Mortensen",8.926187053183087,2003,7,,/title/tt0167260/
4,Tiempos violentos,"Quentin Tarantino (dir.), John Travolta, Uma Thurman",8.848894864795199,1994,8,,/title/tt0110912/
1,El señor de los anillos: La comunidad del anillo,"Peter Jackson (dir.), Elijah Wood, Ian McKellen",8.806775360026341,2001,9,,/title/tt0120737/
2," El bueno, el malo y el feo","Sergio Leone (dir.), Clint Eastwood, Eli Wallach",8.79176683023383,1966,1,,/title/tt0060196/
3,Forrest Gump,"Robert Zemeckis (dir.), Tom Hanks, Robin Wright",8.767618293717428,1994,11,,/title/tt0109830/
4,El club de la pelea,"David Fincher (dir.), Brad Pitt, Edward Norton",8.748972521381571,1999,12,,/title/tt0137523/
1,El origen,"Christopher Nolan (dir.), Leonardo DiCaprio, Joseph Gordon-Levitt",8.73325898447188,2010,13,,/title/tt1375666/
2,El señor de los anillos: Las dos torres,"Peter Jackson (dir.), Elijah Wood, Ian McKellen",8.73170746592335,2002,14,,/title/tt0167261/
3,El imperio contraataca,"Irvin Kershner (dir.), Mark Hamill, Harrison Ford",8.70013132901627,1980,15,,/title/tt0080684/
4,Matrix,"Lana Wachowski (dir.), Keanu Reeves, Laurence Fishburne",8.669869742936577,1999,16,,/title/tt0133093/
1,Buenos muchachos,"Martin Scorsese (dir.), Robert De Niro, Ray Liotta",8.651964266738466,1990,17,,/title/tt0099685/
2,Atrapado sin salida,"Milos Forman (dir.), Jack Nicholson, Louise Fletcher",8.639931455272984,1975,18,,/title/tt0073486/
3,Seven,"David Fincher (dir.), Morgan Freeman, Brad Pitt",8.604079714285634,1995,19,,/title/tt0114369/
4,Los siete samuráis,"Akira Kurosawa (dir.), Toshirô Mifune, Takashi Shimura",8.599296334355271,1954,20,,/title/tt0047478/
1,¡Qué bello es vivir!,"Frank Capra (dir.), James Stewart, Donna Reed",8.595527097023163,1946,21,,/title/tt0038650/
2,El silencio de los inocentes,"Jonathan Demme (dir.), Jodie Foster, Anthony Hopkins",8.588021377671009,1991,22,,/title/tt0102926/
3,Ciudad de Dios,"Fernando Meirelles (dir.), Alexandre Rodrigues, Leandro Firmino",8.579552417006731,2002,23,,/title/tt0317248/
4,Rescatando al soldado Ryan,"Steven Spielberg (dir.), Tom Hanks, Matt Damon",8.57840426926692,1998,24,,/title/tt0120815/
1,La vida es bella,"Roberto Benigni (dir.), Roberto Benigni, Nicoletta Braschi",8.566643659971724,1997,25,,/title/tt0118799/
2,Interestelar,"Christopher Nolan (dir.), Matthew McConaughey, Anne Hathaway",8.561777004383053,2014,26,,/title/tt0816692/
3,Milagros inesperados,"Frank Darabont (dir.), Tom Hanks, Michael Clarke Duncan",8.561363493805047,1999,27,,/title/tt0120689/
4,La guerra de las galaxias,"George Lucas (dir.), Mark Hamill, Harrison Ford",8.55132931289296,1977,28,,/title/tt0076759/
1,Terminator 2: Juicio final,"James Cameron (dir.), Arnold Schwarzenegger, Linda Hamilton",8.535796478799897,1991,29,,/title/tt0103064/
2,Volver al futuro,"Robert Zemeckis (dir.), Michael J. Fox, Christopher Lloyd",8.517418588756813,1985,30,,/title/tt0088763/
3,El viaje de Chihiro,"Hayao Miyazaki (dir.), Daveigh Chase, Suzanne Pleshette",8.515810514984306,2001,31,,/title/tt0245429/
4,Psicosis,"Alfred Hitchcock (dir.), Anthony Perkins, Janet Leigh",8.507881934912751,1960,32,,/title/tt0054215/
1,El pianista,"Roman Polanski (dir.), Adrien Brody, Thomas Kretschmann",8.505862939821107,2002,33,,/title/tt0253474/
2,El perfecto asesino,"Luc Besson (dir.), Jean Reno, Gary Oldman",8.497367172923774,1994,34,,/title/tt0110413/
3,Parásitos,"Bong Joon Ho (dir.), Song Kang-ho, Lee Sun-kyun",8.497192306078311,2019,35,,/title/tt6751668/
4,El rey león,"Roger Allers (dir.), Matthew Broderick, Jeremy Irons",8.488068275783231,1994,36,,/title/tt0110357/
1,Gladiador,"Ridley Scott (dir.), Russell Crowe, Joaquin Phoenix",8.485950612102846,2000,37,,/title/tt0172495/
2,Historia americana X,"Tony Kaye (dir.), Edward Norton, Edward Furlong",8.483441328987757,1998,38,,/title/tt0120586/
3,Los infiltrados,"Martin Scorsese (dir.), Leonardo DiCaprio, Matt Damon",8.47539399679835,2006,39,,/title/tt0407887/
4,Sospechosos comunes,"Bryan Singer (dir.), Kevin Spacey, Gabriel Byrne",8.473524218036848,1995,40,,/title/tt0114814/
1,El gran truco,"Christopher Nolan (dir.), Christian Bale, Hugh Jackman",8.468536944317018,2006,41,,/title/tt0482571/
2,Casablanca,"Michael Curtiz (dir.), Humphrey Bogart, Ingrid Bergman",8.46379945833487,1942,42,,/title/tt0034583/
3,Whiplash: Música y obsesión,"Damien Chazelle (dir.), Miles Teller, J.K. Simmons",8.463392757293036,2014,43,,/title/tt2582802/
4,Amigos intocables,"Olivier Nakache (dir.), François Cluzet, Omar Sy",8.453873394820292,2011,44,,/title/tt1675434/
1,La tumba de las luciérnagas,"Isao Takahata (dir.), Tsutomu Tatsumi, Ayano Shiraishi",8.451483965810455,1988,45,,/title/tt0095327/
2,Harakiri,"Masaki Kobayashi (dir.), Tatsuya Nakadai, Akira Ishihama",8.451297277563866,1962,46,,/title/tt0056058/
3,Tiempos modernos,"Charles Chaplin (dir.), Charles Chaplin, Paulette Goddard",8.448498131439857,1936,47,,/title/tt0027977/
4,Érase una vez en el oeste,"Sergio Leone (dir.), Henry Fonda, Charles Bronson",8.445787440133419,1968,48,,/title/tt0064116/
1,La ventana indiscreta,"Alfred Hitchcock (dir.), James Stewart, Grace Kelly",8.436545973344037,1954,49,,/title/tt0047396/
2,"Alien, el octavo pasajero","Ridley Scott (dir.), Sigourney Weaver, Tom Skerritt",8.43418996556502,1979,50,,/title/tt0078748/
3,Luces de la ciudad,"Charles Chaplin (dir.), Charles Chaplin, Virginia Cherrill",8.433917075632175,1931,51,,/title/tt0021749/
4,Cinema Paradiso,"Giuseppe Tornatore (dir.), Philippe Noiret, Enzo Cannavale",8.431617343598226,1988,52,,/title/tt0095765/
1,Apocalipsis ahora,"Francis Ford Coppola (dir.), Martin Sheen, Marlon Brando",8.424402804969112,1979,53,,/title/tt0078788/
2,Amnesia,"Christopher Nolan (dir.), Guy Pearce, Carrie-Anne Moss",8.423417568891383,2000,54,,/title/tt0209144/
3,Los cazadores del arca perdida,"Steven Spielberg (dir.), Harrison Ford, Karen Allen",8.409140440681986,1981,55,,/title/tt0082971/
4,Django sin cadenas,"Quentin Tarantino (dir.), Jamie Foxx, Christoph Waltz",8.405234680254429,2012,56,,/title/tt1853728/
1,WALL·E,"Andrew Stanton (dir.), Ben Burtt, Elissa Knight",8.393717049830101,2008,57,,/title/tt0910970/
2,La vida de los otros,"Florian Henckel von Donnersmarck (dir.), Ulrich Mühe, Martina Gedeck",8.385352276610332,2006,58,,/title/tt0405094/
3,El ocaso de una vida,"Billy Wilder (dir.), William Holden, Gloria Swanson",8.382187367633085,1950,59,,/title/tt0043014/
4,La patrulla infernal,"Stanley Kubrick (dir.), Kirk Douglas, Ralph Meeker",8.372052874188384,1957,60,,/title/tt0050825/
1,El resplandor,"Stanley Kubrick (dir.), Jack Nicholson, Shelley Duvall",8.366346699703836,1980,61,,/title/tt0081505/
2,El gran dictador,"Charles Chaplin (dir.), Charles Chaplin, Paulette Goddard",8.365608078482405,1940,62,,/title/tt0032553/
3,Avengers: Infinity War,"Anthony Russo (dir.), Robert Downey Jr., Chris Hemsworth",8.35926443958198,2018,63,,/title/tt4154756/
4,Testigo de cargo,"Billy Wilder (dir.), Tyrone Power, Marlene Dietrich",8.359096024118488,1957,64,,/title/tt0051201/
1,"Alien 2, el regreso","James Cameron (dir.), Sigourney Weaver, Michael Biehn",8.343315799686053,1986,65,,/title/tt0090605/
2,Belleza americana,"Sam Mendes (dir.), Kevin Spacey, Annette Bening",8.334984949439367,1999,66,,/title/tt0169547/
3,Spider-Man: Un nuevo universo,"Bob Persichetti (dir.), Shameik Moore, Jake Johnson",8.332598306033136,2018,67,,/title/tt4633694/
4,Dr Insólito o Cómo aprendí a no preocuparme y amar la bomba,"Stanley Kubrick (dir.), Peter Sellers, George C. Scott",8.33147535569191,1964,68,,/title/tt0057012/
1,Batman: El caballero de la noche asciende,"Christopher Nolan (dir.), Christian Bale, Tom Hardy",8.32778029940283,2012,69,,/title/tt1345836/
2,Cinco días para vengarse,"Park Chan-wook (dir.), Choi Min-sik, Yoo Ji-tae",8.3200819101935,2003,70,,/title/tt0364569/
3,Guasón,"Todd Phillips (dir.), Joaquin Phoenix, Robert De Niro",8.31666157128779,2019,71,,/title/tt7286456/
4,Top Gun: Maverick,"Joseph Kosinski (dir.), Tom Cruise, Jennifer Connelly",8.316658953493363,2022,72,,/title/tt1745960/
1,Amadeus,"Milos Forman (dir.), F. Murray Abraham, Tom Hulce",8.315800979890366,1984,73,,/title/tt0086879/
2,Toy Story,"John Lasseter (dir.), Tom Hanks, Tim Allen",8.314199328995622,1995,74,,/title/tt0114709/
3,Corazón valiente,"Mel Gibson (dir.), Mel Gibson, Sophie Marceau",8.314159336264533,1995,75,,/title/tt0112573/
4,Bastardos sin gloria,"Quentin Tarantino (dir.), Brad Pitt, Diane Kruger",8.313738165586258,2009,76,,/title/tt0361748/
1,Coco,"Lee Unkrich (dir.), Anthony Gonzalez, Gael García Bernal",8.313503552062677,2017,77,,/title/tt2380307/
2,El submarino,"Wolfgang Petersen (dir.), Jürgen Prochnow, Herbert Grönemeyer",8.312103239131119,1981,78,,/title/tt0082096/
3,Avengers: Endgame,"Anthony Russo (dir.), Robert Downey Jr., Chris Evans",8.30377928484669,2019,79,,/title/tt4154796/
4,La princesa Mononoke,"Hayao Miyazaki (dir.), Yôji Matsuda, Yuriko Ishida",8.30333137861916,1997,80,,/title/tt0119698/
1,Érase una vez en América,"Sergio Leone (dir.), Robert De Niro, James Woods",8.297970186385163,1984,81,,/title/tt0087843/
2,Mente indomable,"Gus Van Sant (dir.), Robin Williams, Matt Damon",8.288442501441395,1997,82,,/title/tt0119217/
3,Your Name,"Makoto Shinkai (dir.), Ryûnosuke Kamiki, Mone Kamishiraishi",8.278134296403877,2016,83,,/title/tt5311514/
4,Réquiem por un sueño,"Darren Aronofsky (dir.), Ellen Burstyn, Jared Leto",8.275717893542398,2000,84,,/title/tt0180093/
1,Toy Story 3,"Lee Unkrich (dir.), Tom Hanks, Tim Allen",8.274451635979952,2010,85,,/title/tt0435761/
2,Cantando bajo la lluvia,"Stanley Donen (dir.), Gene Kelly, Donald O'Connor",8.273214913095899,1952,86,,/title/tt0045152/
3,3 Idiots,"Rajkumar Hirani (dir.), Aamir Khan, Madhavan",8.27245047724453,2009,87,,/title/tt1187043/
4,Cielo e infierno,"Akira Kurosawa (dir.), Toshirô Mifune, Yutaka Sada",8.267397295834396,1963,88,,/title/tt0057565/
1,El regreso del Jedi,"Richard Marquand (dir.), Mark Hamill, Harrison Ford",8.265922999137,1983,89,,/title/tt0086190/
2,2001: Odisea del espacio,"Stanley Kubrick (dir.), Keir Dullea, Gary Lockwood",8.263670123006822,1968,90,,/title/tt0062622/
3,Eterno resplandor de una mente sin recuerdos,"Michel Gondry (dir.), Jim Carrey, Kate Winslet",8.26318112774962,2004,91,,/title/tt0338013/
4,Perros de reserva,"Quentin Tarantino (dir.), Harvey Keitel, Tim Roth",8.262190604240281,1992,92,,/title/tt0105236/
1,Cafarnaúm: la ciudad olvidada,"Nadine Labaki (dir.), Zain Al Rafeea, Yordanos Shiferaw",8.260902322784043,2018,93,,/title/tt8267604/
2,La caza,"Thomas Vinterberg (dir.), Mads Mikkelsen, Thomas Bo Larsen",8.255944642342266,2012,94,,/title/tt2106476/
3,El ciudadano Kane,"Orson Welles (dir.), Orson Welles, Joseph Cotten",8.255016552252194,1941,95,,/title/tt0033467/
4,Lawrence de Arabia,"David Lean (dir.), Peter O'Toole, Alec Guinness",8.254376092730606,1962,96,,/title/tt0056172/
1,"M, el Maldito","Fritz Lang (dir.), Peter Lorre, Ellen Widmann",8.253733003107701,1931,97,,/title/tt0022100/
2,Ven y mira,"Elem Klimov (dir.), Aleksey Kravchenko, Olga Mironova",8.250493357078577,1985,98,,/title/tt0091251/
3,Intriga internacional,"Alfred Hitchcock (dir.), Cary Grant, Eva Marie Saint",8.250229571990367,1959,99,,/title/tt0053125/
4, De entre los muertos,"Alfred Hitchcock (dir.), James Stewart, Kim Novak",8.246183505337063,1958,10,,/title/tt0052357/
1,Amélie,"Jean-Pierre Jeunet (dir.), Audrey Tautou, Mathieu Kassovitz",8.244001714527911,2001,101,,/title/tt0211915/
2,Naranja mecánica,"Stanley Kubrick (dir.), Malcolm McDowell, Patrick Magee",8.242604871909194,1971,102,,/title/tt0066921/
3,Piso de soltero,"Billy Wilder (dir.), Jack Lemmon, Shirley MacLaine",8.238903365288667,1960,103,,/title/tt0053604/
4,Pacto de sangre,"Billy Wilder (dir.), Fred MacMurray, Barbara Stanwyck",8.238702571753228,1944,104,,/title/tt0036775/
1,Cara de guerra,"Stanley Kubrick (dir.), Matthew Modine, R. Lee Ermey",8.23860064954746,1987,105,,/title/tt0093058/
2,Vivir,"Akira Kurosawa (dir.), Takashi Shimura, Nobuo Kaneko",8.23673926722319,1952,106,,/title/tt0044741/
3,Caracortada,"Brian De Palma (dir.), Al Pacino, Michelle Pfeiffer",8.23518026826368,1983,107,,/title/tt0086250/
4,Hamilton,"Thomas Kail (dir.), Lin-Manuel Miranda, Phillipa Soo",8.234505663045823,2020,108,,/title/tt8503618/
1,El golpe,"George Roy Hill (dir.), Paul Newman, Robert Redford",8.227653534023577,1973,109,,/title/tt0070735/
2,Matar a un ruiseñor,"Robert Mulligan (dir.), Gregory Peck, John Megna",8.227390585584079,1962,110,,/title/tt0056592/
3,Fuego contra fuego,"Michael Mann (dir.), Al Pacino, Robert De Niro",8.224512298902628,1995,111,,/title/tt0113277/
4,Taxi Driver,"Martin Scorsese (dir.), Robert De Niro, Jodie Foster",8.224382214645164,1976,112,,/title/tt0075314/
1,"Up, una aventura de altura","Pete Docter (dir.), Edward Asner, Jordan Nagai",8.224267623662245,2009,113,,/title/tt1049413/
2,La mujer que cantaba,"Denis Villeneuve (dir.), Lubna Azabal, Mélissa Désormeaux-Poulin",8.222950101318713,2010,114,,/title/tt1255953/
3,Los Ángeles al desnudo,"Curtis Hanson (dir.), Kevin Spacey, Russell Crowe",8.221763820871235,1997,115,,/title/tt0119488/
4,Metrópolis,"Fritz Lang (dir.), Brigitte Helm, Alfred Abel",8.221718854520917,1927,116,,/title/tt0017136/
1,Una separación,"Asghar Farhadi (dir.), Payman Maadi, Leila Hatami",8.221663899736276,2011,117,,/title/tt1832382/
2,Snatch: Cerdos y diamantes,"Guy Ritchie (dir.), Jason Statham, Brad Pitt",8.218834033185727,2000,118,,/title/tt0208092/
3,Duro de matar,"John McTiernan (dir.), Bruce Willis, Alan Rickman",8.21852763475472,1988,119,,/title/tt0095016/
4,Ladrones de bicicletas,"Vittorio De Sica (dir.), Lamberto Maggiorani, Enzo Staiola",8.218177731938352,1948,120,,/title/tt0040522/
1,Indiana Jones y la última cruzada,"Steven Spielberg (dir.), Harrison Ford, Sean Connery",8.217188335323858,1989,121,,/title/tt0097576/
2,1917,"Sam Mendes (dir.), Dean-Charles Chapman, George MacKay",8.21134191121813,2019,122,,/title/tt8579674/
3,Like stars on Earth,"Aamir Khan (dir.), Darsheel Safary, Aamir Khan",8.209458631478462,2007,123,,/title/tt0986264/
4,La caída,"Oliver Hirschbiegel (dir.), Bruno Ganz, Alexandra Maria Lara",8.203784737744877,2004,124,,/title/tt0363163/
1,Por unos dólares más,"Sergio Leone (dir.), Clint Eastwood, Lee Van Cleef",8.20171113572172,1965,125,,/title/tt0059578/
2,Batman inicia,"Christopher Nolan (dir.), Christian Bale, Michael Caine",8.200134204881245,2005,126,,/title/tt0372784/
3,Dangal,"Nitesh Tiwari (dir.), Aamir Khan, Sakshi Tanwar",8.198182460765551,2016,127,,/title/tt5074352/
4,El chico,"Charles Chaplin (dir.), Charles Chaplin, Edna Purviance",8.193254005776444,1921,128,,/title/tt0012349/
1,Una Eva y dos Adanes,"Billy Wilder (dir.), Marilyn Monroe, Tony Curtis",8.191666881870754,1959,129,,/title/tt0053291/
2,La malvada,"Joseph L. Mankiewicz (dir.), Bette Davis, Anne Baxter",8.180920573284608,1950,130,,/title/tt0042192/
3,El padre,"Florian Zeller (dir.), Anthony Hopkins, Olivia Colman",8.18040442177686,2020,131,,/title/tt10272386/
4,Green Book Una amistad sin fronteras,"Peter Farrelly (dir.), Viggo Mortensen, Mahershala Ali",8.17567115922509,2018,132,,/title/tt6966692/
1,El lobo de Wall Street,"Martin Scorsese (dir.), Leonardo DiCaprio, Jonah Hill",8.174020163096001,2013,133,,/title/tt0993846/
2,Juicio en Nuremberg,"Stanley Kramer (dir.), Spencer Tracy, Burt Lancaster",8.169717089141752,1961,134,,/title/tt0055031/
3,Ran,"Akira Kurosawa (dir.), Tatsuya Nakadai, Akira Terao",8.16541767132619,1985,135,,/title/tt0089881/
4,Casino,"Martin Scorsese (dir.), Robert De Niro, Sharon Stone",8.1637063712591,1995,136,,/title/tt0112641/
1,El laberinto del fauno,"Guillermo del Toro (dir.), Ivana Baquero, Ariadna Gil",8.162182357642306,2006,137,,/title/tt0457430/
2,Los imperdonables,"Clint Eastwood (dir.), Clint Eastwood, Gene Hackman",8.161739892357325,1992,138,,/title/tt0105695/
3,Spider-Man: Sin Camino A Casa,"Jon Watts (dir.), Tom Holland, Zendaya",8.158484991143277,2021,139,,/title/tt10872600/
4,Petróleo sangriento,"Paul Thomas Anderson (dir.), Daniel Day-Lewis, Paul Dano",8.157607722299348,2007,140,,/title/tt0469494/
1,The Truman Show: Historia de una vida,"Peter Weir (dir.), Jim Carrey, Ed Harris",8.155260885002228,1998,141,,/title/tt0120382/
2,El sexto sentido,"M. Night Shyamalan (dir.), Bruce Willis, Haley Joel Osment",8.153556456114034,1999,142,,/title/tt0167404/
3,Una mente brillante,"Ron Howard (dir.), Russell Crowe, Ed Harris",8.152058912482989,2001,143,,/title/tt0268978/
4,Yojimbo,"Akira Kurosawa (dir.), Toshirô Mifune, Eijirô Tôno",8.150037391509379,1961,144,,/title/tt0055630/
1,Monty Python y el santo grial,"Terry Gilliam (dir.), Graham Chapman, John Cleese",8.149774506276914,1975,145,,/title/tt0071853/
2,El tesoro de la Sierra Madre,"John Huston (dir.), Humphrey Bogart, Walter Huston",8.147623606726789,1948,146,,/title/tt0040897/
3,La isla siniestra,"Martin Scorsese (dir.), Leonardo DiCaprio, Emily Mortimer",8.147160701613878,2010,147,,/title/tt1130884/
4,Parque jurásico,"Steven Spielberg (dir.), Sam Neill, Laura Dern",8.145242248965605,1993,148,,/title/tt0107290/
1,Rashomon,"Akira Kurosawa (dir.), Toshirô Mifune, Machiko Kyô",8.14177882201378,1950,149,,/title/tt0042876/
2,El gran escape,"John Sturges (dir.), Steve McQueen, James Garner",8.14144431480953,1963,150,,/title/tt0057115/
3,"Kill Bill, la venganza Volumen 1","Quentin Tarantino (dir.), Uma Thurman, David Carradine",8.137827592110911,2003,151,,/title/tt0266697/
4,Sin lugar para los débiles,"Ethan Coen (dir.), Tommy Lee Jones, Javier Bardem",8.137037096547205,2007,152,,/title/tt0477348/
1,Buscando a Nemo,"Andrew Stanton (dir.), Albert Brooks, Ellen DeGeneres",8.131315814868845,2003,153,,/title/tt0266543/
2,El hombre elefante,"David Lynch (dir.), Anthony Hopkins, John Hurt",8.129576653595214,1980,154,,/title/tt0080678/
3,Barrio Chino,"Roman Polanski (dir.), Jack Nicholson, Faye Dunaway",8.128621805815085,1974,155,,/title/tt0071315/
4,El toro salvaje,"Martin Scorsese (dir.), Robert De Niro, Cathy Moriarty",8.127660853774104,1980,156,,/title/tt0081398/
1,La cosa del otro mundo,"John Carpenter (dir.), Kurt Russell, Wilford Brimley",8.12754127729528,1982,157,,/title/tt0084787/
2,V de Venganza,"James McTeigue (dir.), Hugo Weaving, Natalie Portman",8.12451337432752,2005,158,,/title/tt0434409/
3,Lo que el viento se llevó,"Victor Fleming (dir.), Clark Gable, Vivien Leigh",8.124281874168314,1939,159,,/title/tt0031381/
4,Intensa Mente,"Pete Docter (dir.), Amy Poehler, Bill Hader",8.122895030458142,2015,160,,/title/tt2096673/
1,"Juegos, trampas y dos pistolas humeantes","Guy Ritchie (dir.), Jason Flemyng, Dexter Fletcher",8.121917834416381,1998,161,,/title/tt0120735/
2,Con M de Muerte,"Alfred Hitchcock (dir.), Ray Milland, Grace Kelly",8.119962704891005,1954,162,,/title/tt0046912/
3,El secreto de sus ojos,"Juan José Campanella (dir.), Ricardo Darín, Soledad Villamil",8.11777250158269,2009,163,,/title/tt1305806/
4,El increíble castillo vagabundo,"Hayao Miyazaki (dir.), Chieko Baishô, Takuya Kimura",8.115356705323356,2004,164,,/title/tt0347149/
1,El puente sobre el río Kwai,"David Lean (dir.), William Holden, Alec Guinness",8.112694722116366,1957,165,,/title/tt0050212/
2,Tres anuncios por un crimen,"Martin McDonagh (dir.), Frances McDormand, Woody Harrelson",8.111629972734764,2017,166,,/title/tt5027774/
3,La vida en el abismo,"Danny Boyle (dir.), Ewan McGregor, Ewen Bremner",8.110915580000913,1996,167,,/title/tt0117951/
4,La última pelea,"Gavin O'Connor (dir.), Tom Hardy, Nick Nolte",8.103633596069118,2011,168,,/title/tt1291584/
1,Gran Torino,"Clint Eastwood (dir.), Clint Eastwood, Bee Vang",8.103326666365312,2008,169,,/title/tt1205489/
2,"Fargo, secuestro voluntario","Joel Coen (dir.), William H. Macy, Frances McDormand",8.102581705664246,1996,170,,/title/tt0116282/
3,Intriga,"Denis Villeneuve (dir.), Hugh Jackman, Jake Gyllenhaal",8.099468500860352,2013,171,,/title/tt1392214/
4,Mi vecino Totoro,"Hayao Miyazaki (dir.), Hitoshi Takagi, Noriko Hidaka",8.09374706512998,1988,172,,/title/tt0096283/
1,Golpes del destino,"Clint Eastwood (dir.), Hilary Swank, Clint Eastwood",8.089464005991523,2004,173,,/title/tt0405159/
2,Atrápame si puedes,"Steven Spielberg (dir.), Leonardo DiCaprio, Tom Hanks",8.088192379962347,2002,174,,/title/tt0264464/
3,La quimera del oro,"Charles Chaplin (dir.), Charles Chaplin, Mack Swain",8.086224031506479,1925,175,,/title/tt0015864/
4,Blade Runner,"Ridley Scott (dir.), Harrison Ford, Rutger Hauer",8.085003197992847,1982,176,,/title/tt0083658/
1,Los niños del cielo,"Majid Majidi (dir.), Mohammad Amir Naji, Amir Farrokh Hashemian",8.084427597275617,1997,177,,/title/tt0118849/
2,Nido de ratas,"Elia Kazan (dir.), Marlon Brando, Karl Malden",8.082511832215094,1954,178,,/title/tt0047296/
3,El tercer hombre,"Carol Reed (dir.), Orson Welles, Joseph Cotten",8.080313495762555,1949,179,,/title/tt0041959/
4,12 años esclavo,"Steve McQueen (dir.), Chiwetel Ejiofor, Michael Kenneth Williams",8.079437952454548,2013,180,,/title/tt2024544/
1,Antes del amanecer,"Richard Linklater (dir.), Ethan Hawke, Julie Delpy",8.07917234760647,1995,181,,/title/tt0112471/
2,Fresas silvestres,"Ingmar Bergman (dir.), Victor Sjöström, Bibi Andersson",8.078799579672614,1957,182,,/title/tt0050986/
3,Ben-Hur,"William Wyler (dir.), Charlton Heston, Jack Hawkins",8.077839784107411,1959,183,,/title/tt0052618/
4,Harry Potter y las reliquias de la muerte 2,"David Yates (dir.), Daniel Radcliffe, Emma Watson",8.07770330357098,2011,184,,/title/tt1201607/
1,La General,"Clyde Bruckman (dir.), Buster Keaton, Marion Mack",8.077015330030868,1926,185,,/title/tt0017925/
2,Perdida,"David Fincher (dir.), Ben Affleck, Rosamund Pike",8.07698907214476,2014,186,,/title/tt2267998/
3,El francotirador,"Michael Cimino (dir.), Robert De Niro, Christopher Walken",8.075245820824705,1978,187,,/title/tt0077416/
4,En el nombre del padre,"Jim Sheridan (dir.), Daniel Day-Lewis, Pete Postlethwaite",8.074120319768088,1993,188,,/title/tt0107207/
1,El gran hotel Budapest,"Wes Anderson (dir.), Ralph Fiennes, F. Murray Abraham",8.074041472865652,2014,189,,/title/tt2278388/
2,Barry Lyndon,"Stanley Kubrick (dir.), Ryan O'Neal, Marisa Berenson",8.072251833870375,1975,190,,/title/tt0072684/
3,El salario del miedo,"Henri-Georges Clouzot (dir.), Yves Montand, Charles Vanel",8.071410886076626,1953,191,,/title/tt0046268/
4,Caballero sin espada,"Frank Capra (dir.), James Stewart, Jean Arthur",8.06959344888277,1939,192,,/title/tt0031679/
1,Sherlock Jr,"Buster Keaton (dir.), Buster Keaton, Kathryn McGuire",8.069078377512966,1924,193,,/title/tt0015324/
2,Salinui chueok,"Bong Joon Ho (dir.), Song Kang-ho, Kim Sang-kyung",8.068599036439982,2003,194,,/title/tt0353969/
3,Hasta el último hombre,"Mel Gibson (dir.), Andrew Garfield, Sam Worthington",8.068390660129984,2016,195,,/title/tt2119532/
4,Klaus,"Sergio Pablos (dir.), Jason Schwartzman, J.K. Simmons",8.067854403575268,2019,196,,/title/tt4729430/
1,Relatos salvajes,"Damián Szifron (dir.), Darío Grandinetti, María Marull",8.066277764909385,2014,197,,/title/tt3011894/
2,El séptimo sello,"Ingmar Bergman (dir.), Max von Sydow, Gunnar Björnstrand",8.065395729522944,1957,198,,/title/tt0050976/
3,Room,"Lenny Abrahamson (dir.), Brie Larson, Jacob Tremblay",8.064409212038477,2015,199,,/title/tt3170832/
4,Mad Max: Furia en el camino,"George Miller (dir.), Tom Hardy, Charlize Theron",8.063085429489089,2015,200,,/title/tt1392190/
1,Cómo entrenar a tu dragón,"Dean DeBlois (dir.), Jay Baruchel, Gerard Butler",8.061616819813914,2010,201,,/title/tt0892769/
2,Mary and Max,"Adam Elliot (dir.), Toni Collette, Philip Seymour Hoffman",8.061280024435286,2009,202,,/title/tt0978762/
3,Identidad peligrosa,"Joel Coen (dir.), Jeff Bridges, John Goodman",8.060683691302675,1998,203,,/title/tt0118715/
4,Tiburón,"Steven Spielberg (dir.), Roy Scheider, Robert Shaw",8.059665888275857,1975,204,,/title/tt0073195/
1,"Monsters, Inc","Pete Docter (dir.), Billy Crystal, John Goodman",8.059354091368144,2001,205,,/title/tt0198781/
2,Cuentos de Tokio,"Yasujirô Ozu (dir.), Chishû Ryû, Chieko Higashiyama",8.056323239362015,1953,206,,/title/tt0046438/
3,La pasión de Juana de Arco,"Carl Theodor Dreyer (dir.), Maria Falconetti, Eugene Silvain",8.055753087800854,1928,207,,/title/tt0019254/
4,La sociedad de los poetas muertos,"Peter Weir (dir.), Robin Williams, Robert Sean Leonard",8.054830233658217,1989,208,,/title/tt0097165/
1,Hotel Ruanda,"Terry George (dir.), Don Cheadle, Sophie Okonedo",8.051861113655853,2004,209,,/title/tt0395169/
2,Todo en Todas Partes al Mismo Tiempo,"Dan Kwan (dir.), Michelle Yeoh, Stephanie Hsu",8.049220822617148,2022,210,,/title/tt6710474/
3,Contra lo imposible,"James Mangold (dir.), Matt Damon, Christian Bale",8.046820685996696,2019,211,,/title/tt1950186/
4,Rocky,"John G. Avildsen (dir.), Sylvester Stallone, Talia Shire",8.046524370321118,1976,212,,/title/tt0075148/
1,Pelotón,"Oliver Stone (dir.), Charlie Sheen, Tom Berenger",8.046023371061473,1986,213,,/title/tt0091763/
2,La canción del camino,"Satyajit Ray (dir.), Kanu Bannerjee, Karuna Bannerjee",8.041473217929068,1955,214,,/title/tt0048473/
3,Cuenta conmigo,"Rob Reiner (dir.), Wil Wheaton, River Phoenix",8.040581429918012,1986,215,,/title/tt0092005/
4,Terminator,"James Cameron (dir.), Arnold Schwarzenegger, Linda Hamilton",8.040352440343238,1984,216,,/title/tt0088247/
1,En primera plana,"Tom McCarthy (dir.), Mark Ruffalo, Michael Keaton",8.039745989736323,2015,217,,/title/tt1895587/
2,Rush: Pasión y gloria,"Ron Howard (dir.), Daniel Brühl, Chris Hemsworth",8.03777741551107,2013,218,,/title/tt1979320/
3,Logan: Wolverine,"James Mangold (dir.), Hugh Jackman, Patrick Stewart",8.037291816030908,2017,219,,/title/tt3315342/
4,Ratatouille,"Brad Bird (dir.), Brad Garrett, Lou Romano",8.036549492263466,2007,220,,/title/tt0382932/
1,Poder que mata,"Sidney Lumet (dir.), Faye Dunaway, William Holden",8.036375287130085,1976,221,,/title/tt0074958/
2,Camino salvaje,"Sean Penn (dir.), Emile Hirsch, Vince Vaughn",8.034964176854274,2007,222,,/title/tt0758758/
3,El mago de Oz,"Victor Fleming (dir.), Judy Garland, Frank Morgan",8.032646909469644,1939,223,,/title/tt0032138/
4,Antes del atardecer,"Richard Linklater (dir.), Ethan Hawke, Julie Delpy",8.029956412342898,2004,224,,/title/tt0381681/
1,Hechizo del tiempo,"Harold Ramis (dir.), Bill Murray, Andie MacDowell",8.029815663839056,1993,225,,/title/tt0107048/
2,El exorcista,"William Friedkin (dir.), Ellen Burstyn, Max von Sydow",8.027114215818111,1973,226,,/title/tt0070047/
3,Los mejores años de nuestras vidas,"William Wyler (dir.), Myrna Loy, Dana Andrews",8.025076166804348,1946,227,,/title/tt0036868/
4,Los increíbles,"Brad Bird (dir.), Craig T. Nelson, Samuel L. Jackson",8.025063960958569,2004,228,,/title/tt0317705/
1,Ser o no ser,"Ernst Lubitsch (dir.), Carole Lombard, Jack Benny",8.024406444857835,1942,229,,/title/tt0035446/
2,La batalla de Argel,"Gillo Pontecorvo (dir.), Brahim Hadjadj, Jean Martin",8.023849686280137,1966,230,,/title/tt0058946/
3,Las viñas de la ira,"John Ford (dir.), Henry Fonda, Jane Darwell",8.021878643393936,1940,231,,/title/tt0032551/
4,Siempre a tu lado,"Lasse Hallström (dir.), Richard Gere, Joan Allen",8.021380810555767,2009,232,,/title/tt1028532/
1,"Rebeca, una mujer inolvidable","Alfred Hitchcock (dir.), Laurence Olivier, Joan Fontaine",8.02136762067973,1940,233,,/title/tt0032976/
2,Amores perros,"Alejandro G. Iñárritu (dir.), Emilio Echevarría, Gael García Bernal",8.021020881155552,2000,234,,/title/tt0245712/
3,Piratas del Caribe - La maldición del Perla Negra,"Gore Verbinski (dir.), Johnny Depp, Geoffrey Rush",8.02088111058276,2003,235,,/title/tt0325980/
4,La leyenda del indomable,"Stuart Rosenberg (dir.), Paul Newman, George Kennedy",8.020459703006928,1967,236,,/title/tt0061512/
1,Jai Bhim,"T.J. Gnanavel (dir.), Suriya, Lijo Mol Jose",8.020359527609871,2021,237,,/title/tt15097216/
2,La haine,"Mathieu Kassovitz (dir.), Vincent Cassel, Hubert Koundé",8.019851372503894,1995,238,,/title/tt0113247/
3,Babam ve Oglum,"Cagan Irmak (dir.), Çetin Tekindor, Fikret Kuskan",8.018359493896265,2005,239,,/title/tt0476735/
4,Los 400 golpes,"François Truffaut (dir.), Jean-Pierre Léaud, Albert Rémy",8.015786867555777,1959,240,,/title/tt0053198/
1,Persona,"Ingmar Bergman (dir.), Bibi Andersson, Liv Ullmann",8.015212838003245,1966,241,,/title/tt0060827/
2,Sucedió una noche,"Frank Capra (dir.), Clark Gable, Claudette Colbert",8.013656725155888,1934,242,,/title/tt0025316/
3,La vida de Brian,"Terry Jones (dir.), Graham Chapman, John Cleese",8.012685808390582,1979,243,,/title/tt0079470/
4,The Handmaiden,"Park Chan-wook (dir.), Kim Min-hee, Ha Jung-woo",8.012569399959096,2016,244,,/title/tt4016934/
1,La novicia rebelde,"Robert Wise (dir.), Julie Andrews, Christopher Plummer",8.0121167812886,1965,245,,/title/tt0059742/
2,Dersu Uzala,"Akira Kurosawa (dir.), Maksim Munzuk, Yuriy Solomin",8.007986335032522,1975,246,,/title/tt0071411/
3,Gandhi,"Richard Attenborough (dir.), Ben Kingsley, John Gielgud",8.005182123589739,1982,247,,/title/tt0083987/
4,Historias cruzadas,"Tate Taylor (dir.), Viola Davis, Emma Stone",8.005078757559348,2011,248,,/title/tt1454029/
1,Aladdín,"Ron Clements (dir.), Scott Weinger, Robin Williams",8.004834221112118,1992,249,,/title/tt0103639/
2,El gigante de hierro,"Brad Bird (dir.), Eli Marienthal, Harry Connick Jr.",8.003444693559398,1999,250,,/title/tt0129167/
